Name,AbbVie,Amgen,Biogen,Boston Scientific,Bristol Myers Squibb,Gilead,Incyte,Johnson & Johnson,Lilly,Merck,Pfizer,Regeneron,Vertex
Atopic Dermatitis,5.0,,,,,,,7.0,3.0,,,1.0,
Rheumatoid Arthritis,4.0,,,,,,,7.0,2.0,,,,
Acute Myeloid Leukemia (AML),3.0,,,,,,,,,,,,
Crohn's Disease,3.0,,1.0,,,,,,,,,,
Psoriasis,2.0,3.0,,,1.0,,,,,,,,
Ulcerative Colitis (UC),2.0,,,,,,,,,,,,
Rheumatoid Arthritis (RA),2.0,,,,,,,,,,,,
Chronic Lymphocytic Leukemia (CLL),2.0,,,,,,,,,,,,
Advanced Solid Tumors Cancer,2.0,,,,,,,,,,,,
Chronic Lymphocytic Leukemia,2.0,,,,,,,,,1.0,,,
Cancer,2.0,,,,2.0,,,9.0,,,,,
Myelodysplastic Syndromes (MDS),2.0,,,,,,,,,,,,
Cystic Fibrosis,2.0,,,,,,,1.0,,,,,13.0
Myelofibrosis (MF),2.0,,,,,,,,,,,,
Psoriatic Arthritis,2.0,,,,,,,,,,,,
Myelogenous Leukemia,1.0,,,,,,,,,,,,
Ocular Hypertension,1.0,,,,,,,,,,,,
Cardiovascular Diseases,1.0,,,,,,,,,,,,
Small Lymphocytic Lymphoma,1.0,,,,,,,,,1.0,,,
CD20-Positive Lymphoid Malignancies,1.0,,,,,,,,,,,,
Chronic Lymphoid Leukemia,1.0,,,,,,,,,,,,
Heavy Menstrual Bleeding,1.0,,,,,,,,,,,,
Hematological Malignancies,1.0,,,,,,,,,,,,
Non-Hodgkin's Lymphoma,1.0,,,,1.0,,,,,,,,
Ovarian Neoplasm,1.0,,,,,,,,,,,,
"Glaucoma, Open-Angle",1.0,,,,,,,,,,,,
Ovarian Cancer,1.0,,,,,,1.0,2.0,1.0,2.0,3.0,,
Treatment Naive AML,1.0,,,,,,,,,,,,
Small Lymphocytic Lymphoma (SLL),1.0,,,,,,,,,,,,
Juvenile Idiopathic Arthritis,1.0,,,,,,,,,,,,
JIA,1.0,,,,,,,,,,,,
Depression,1.0,,,,,,,3.0,,,,,
Acute Myelogenous Leukemia,1.0,,,,,,,,,,,,
Hypogonadism,1.0,,,,,,,,,,,,
Multiple Myeloma,1.0,1.0,,,2.0,1.0,,8.0,,,2.0,,
Mania,1.0,,,,,,,1.0,,,,,
Bipolar I Disorder,1.0,,,,,,,,,,,,
B-cell Lymphoma,1.0,,,,,1.0,1.0,,,,,,
Mantle Cell Lymphoma (MCL),1.0,,,,,,,,,,,,
Palmoplantar Pustulosis (PPP),1.0,,,,,,,,,,,,
Spondyloarthritis,1.0,,,,,,,,,,,,
Post-Operative Atrial Fibrillation,1.0,,,,,,,,,,,,
Cancer - Acute Myeloid Leukemia,1.0,,,,,,,,,,,,
Hepatitis C Virus (HCV),1.0,,,,,,,,,,,,
Plaque Psoriasis,1.0,2.0,,,,,,1.0,,,,,
Parkinson's Disease (PD),1.0,,,,,,,,,,,,
Central Precocious Puberty (CPP),1.0,,,,,,,,,,,,
Crohn's Disease (CD),1.0,,,,,,,,,,,,
Advanced Retinitis Pigmentosa,1.0,,,,,,,,,,,,
Cystic Fibrosis (CF),1.0,,,,,,,,,,,,
Human Immunodeficiency Virus (HIV),1.0,,,,,,,,,1.0,,,
Systemic Lupus Erythematosus (SLE),1.0,,,,,,,,,,,,
Endometriosis,1.0,,,,,,,,,,,,
Metastatic Breast Cancer,1.0,,,,,1.0,,2.0,2.0,,2.0,,
Advanced Solid Tumors,1.0,2.0,,,,,,,,2.0,1.0,,
Advanced Parkinson's Disease,1.0,,,,,,,,,,,,
Uterine Fibroids,1.0,,,,,,,,,,,,
Relapsed or Refractory Multiple Myeloma,,3.0,,,,,,,,,1.0,,
Cardiovascular Disease,,2.0,,,,,,3.0,,,,,
Hepatocellular Carcinoma,,1.0,,,2.0,,1.0,,,,,,
Obesity,,1.0,,,,,,20.0,9.0,,1.0,,
Breast Cancer,,1.0,,,2.0,,,5.0,5.0,,3.0,,
"Leukemia, Acute Lymphoblastic",,1.0,,,,,,,,,,,
Cutaneous or Subcutaneous Lymph Node,,1.0,,,,,,,,,,,
Liver Metastases,,1.0,,,,,,,,,,,
Advanced Non CNS Tumors,,1.0,,,,,,,,,,,
Liver Tumors,,1.0,,,,,,,,,,,
Evaluate the Safety and Efficacy of Denosumab in Pediatric Subjects With,,1.0,,,,,,,,,,,
Glucocorticoid-induced Osteoporosis,,1.0,,,,,,,,,,,
Metastatic Castration-resistant Prostate Cancer,,1.0,,,,,,,,,,,
Giant Cell Tumor of Bone,,1.0,,,,,,,,,,,
Unresectable Stage IIIB-IV Malignant Melanoma,,1.0,,,,,,,,,,,
Advanced/Metastatic Solid Tumors With KRAS p.G12C Mutation,,1.0,,,,,,,,,,,
Inflammatory Diseases,,1.0,,,,,,,,,,,
Osteoporosis,,1.0,,,,,,,,,,,
Relapsed or Refractory Diffuse Large B Cell Lymphoma (DLBCL),,1.0,,,,,,,,,,,
Chronic Graft Versus Host Disease cGVHD,,1.0,,,,,,,,,,,
Paroxysmal Nocturnal Hemoglobinuria,,1.0,,,,,,,,,,1.0,
Coronary Heart Disease (CHD),,1.0,,,,,,,,,,,
Episodic Migraine,,1.0,,,,,,,,,,,
Melanoma,,1.0,,,5.0,,1.0,,1.0,1.0,3.0,,
Neovascular (Wet) Age-related Macular Degeneration (AMD),,1.0,,,,,,,,,,,
"KRAS p, G12c Mutated /Advanced Metastatic NSCLC",,1.0,,,,,,,,,,,
Prostate Cancer,,1.0,,,2.0,,,3.0,1.0,,6.0,,
Relapsing-Remitting Multiple Sclerosis,,,2.0,,,,,,,,,,
"Multiple Sclerosis, Relapsing-Remitting",,,2.0,,,,,,,,,,
Spinal Muscular Atrophy,,,2.0,,,,,,,,,,
Multiple System Atrophy,,,1.0,,,,,,,,,,
Relapsing Remitting Multiple Sclerosis,,,1.0,,,,,,,,,,
Amyotrophic Lateral Sclerosis,,,1.0,,,,,,,,,,
Alzheimer's Disease,,,1.0,,,,,3.0,,,,,
ALS Caused by Superoxide Dismutase 1 (SOD1) Mutation,,,1.0,,,,,,,,,,
Multiple Sclerosis,,,1.0,,,,,,,2.0,,,
Choroideremia,,,1.0,,,,,,,,,,
"Arthritis, Rheumatoid",,,1.0,,,,,1.0,,,,,
"Spondylitis, Ankylosing",,,1.0,,,,,2.0,,,,,
"Arthritis, Psoriatic",,,1.0,,,,,1.0,,,,,
"Colitis, Ulcerative",,,1.0,,,,,,,,,,
Atrial Fibrillation,,,,1.0,,,,2.0,,,,,
Stroke,,,,1.0,,,,1.0,,,,,
Peripheral Artery Disease,,,,1.0,,,,,,,,,
Atherosclerosis,,,,1.0,,,,,,,,,
"Artery Diseases, Peripheral",,,,1.0,,,,,,,,,
"Plaque, Atherosclerotic",,,,1.0,,,,,,,,,
Occlusive Arterial Disease,,,,1.0,,,,,,,,,
Advanced Cancer,,,,,5.0,,,,4.0,,1.0,,
Non-Small Cell Lung Cancer,,,,,4.0,,,,,,2.0,,
Gastric Cancer,,,,,2.0,,1.0,,,2.0,,,
Renal Cell Carcinoma,,,,,2.0,,1.0,,1.0,3.0,1.0,,
Urinary Bladder Neoplasms,,,,,2.0,,,,,,,,
Colorectal Cancer,,,,,2.0,,,,1.0,2.0,2.0,,
Various Advanced Cancer,,,,,2.0,,,,,,,,
Leukemia,,,,,2.0,,,,,,1.0,,
Metastatic Renal Cell Carcinoma,,,,,1.0,,,,,,,,
Juvenile Myositis Above the Age of 18,,,,,1.0,,,,,,,,
Acute Ischemic Stroke,,,,,1.0,,,1.0,,,,,
Overlap Myositis,,,,,1.0,,,,,,,,
Transient Ischemic Attack (TIA),,,,,1.0,,,,,,,,
Autoimmune Necrotizing Myopathy,,,,,1.0,,,,,,,,
Advanced Renal Cell Carcinoma,,,,,1.0,,,,,,,,
Solid Tumor,,,,,1.0,1.0,,1.0,3.0,,,,
Microsatellite Stable Colorectal Cancer,,,,,1.0,,,,,,,,
Microsatellite Unstable Colorectal Cancer,,,,,1.0,,,,,,,,
Polymyositis,,,,,1.0,,,,,,,,
Mismatch Repair Proficient Colorectal Cancer,,,,,1.0,,,,,,,,
Mismatch Repair Deficient Colorectal Cancer,,,,,1.0,,,,,,,,
Cancer of the Stomach,,,,,1.0,,,,,,,,
Esophagogastric Junction,,,,,1.0,,,,,,,,
Gastroesophageal Junction Cancer,,,,,1.0,,,,,1.0,,,
Pancreatic Cancer,,,,,1.0,,,,1.0,1.0,2.0,,
Dermatomyositis,,,,,1.0,,,,,,1.0,,
Non-Small-Cell Lung Carcinoma,,,,,1.0,,,,,2.0,1.0,,
Advanced Gastric Cancer,,,,,1.0,,,,,,,,
Advanced Pancreatic Cancer,,,,,1.0,,,,,,,,
Systemic Lupus Erythematosus,,,,,1.0,,,,,,,,
Multiple Indications Cancer,,,,,1.0,,,,,,,,
Lung Cancer,,,,,1.0,,2.0,1.0,,,1.0,,
"Cancer, Hepatocellular",,,,,1.0,,,,,,,,
Ulcerative Colitis,,,,,1.0,,,,1.0,,,,
Tumor,,,,,1.0,,,,,,,,
Hodgkin Disease,,,,,1.0,,,,,,,,
Brain Neoplasms,,,,,1.0,,,,,,,,
"Carcinoma, Renal Cell",,,,,1.0,,,,,2.0,,,
Non-Small-Cell Lung Cancer,,,,,1.0,,,,,,,,
Advanced or Metastatic Solid Tumors,,,,,1.0,,,,,1.0,,,
Small Cell Lung Cancer,,,,,1.0,,,,,,,,
Mesothelioma,,,,,1.0,,1.0,,,1.0,,,
Stage IV or Recurrent Non-Small Cell Lung Cancer,,,,,1.0,,,,,,,,
Head and Neck Cancer,,,,,1.0,,2.0,1.0,,,,,
Non Small Cell Lung Cancer,,,,,1.0,,1.0,,3.0,,,,
Hodgkin Lymphoma,,,,,1.0,,,,,,,,
HIV-1-infection,,,,,,4.0,,,,,,,
HBV,,,,,,4.0,,,,,,,
HIV-1 Infection,,,,,,3.0,,,,6.0,,,
Relapsed/Refractory Large B-cell Lymphoma,,,,,,2.0,,,,,,,
Follicular Lymphoma,,,,,,2.0,,,,1.0,,,
Chronic HBV Infections,,,,,,2.0,,,,,,,
Chronic Hepatitis Delta,,,,,,2.0,,,,,,,
Pre-Exposure Prophylaxis of HIV Infection,,,,,,2.0,,,,,,,
Primary Sclerosing Cholangitis,,,,,,1.0,,,,,,,
Marginal Zone Lymphoma,,,,,,1.0,,,,1.0,,,
Acquired Immune Deficiency Syndrome (AIDS),,,,,,1.0,,,,,,,
HIV Infections,,,,,,1.0,,2.0,,,,,
Relapsed Diffuse Large B-Cell Lymphoma,,,,,,1.0,,,,,,,
Indolent Non-Hodgkin Lymphoma,,,,,,1.0,,,,,,,
Refractory Diffuse Large B Cell Lymphoma (DLBCL),,,,,,1.0,,,,,,,
Transformed Follicular Lymphoma (TFL),,,,,,1.0,,,,,,,
Primary Mediastinal B-cell Lymphoma (PMBCL),,,,,,1.0,,,,,,,
High Grade B-cell Lymphoma (HGBCL),,,,,,1.0,,,,,,,
Chronic HBV Infection,,,,,,1.0,,,,,,,
HIV-1/HBV Co-Infection,,,,,,1.0,,,,,,,
Relapsed/Refractory Mantle Cell Lymphoma,,,,,,1.0,,,,,,,
Refractory Diffuse Large B Cell Lymphoma,,,,,,1.0,,,,,,,
Relapsed/Refractory Diffuse Large B-Cell Lymphoma (DLBCL),,,,,,1.0,,,,,,,
Refractory Large B-cell Lymphoma,,,,,,1.0,,,,,,,
B-cell Malignancies,,,,,,1.0,1.0,,,,,,
Hepatitis C Virus Infection,,,,,,1.0,,,,,,,
Pre-Exposure Prophylaxis of HIV-1 Infection,,,,,,1.0,,,,,,,
Non Hodgkin Lymphoma,,,,,,1.0,,,,,,,
Relapsed/Refractory B-precursor Acute Lymphoblastic Leukemia,,,,,,1.0,,,,,,,
Relapsed/Refractory Multiple Myeloma,,,,,,1.0,,,,,,,
Relapsed/Refractory Chronic Lymphocytic Leukemia and Relapsed/Refractory Small Lymphocytic Lymphoma,,,,,,1.0,,,,,,,
HIV-1,,,,,,1.0,,,,2.0,,,
Inflammatory Bowel Disease,,,,,,1.0,,,,,1.0,,
Chronic Hepatitis B,,,,,,1.0,,,,,,,
Chronic HIV Infection,,,,,,1.0,,,,,,,
Lymphoma,,,,,,,5.0,2.0,,,,1.0,
Solid Tumors,,,,,,,3.0,,1.0,,2.0,,
Renal Cell Carcinoma (RCC),,,,,,,2.0,,,,1.0,,
Colorectal Cancer (CRC),,,,,,,2.0,,,,,,
Urothelial Cancer,,,,,,,1.0,,,,2.0,,
Metastatic Non-small Cell Lung Cancer,,,,,,,1.0,,1.0,,,,
Locally Advanced Urothelial Cancer,,,,,,,1.0,,,,,,
Metastatic Urothelial Cancer,,,,,,,1.0,,,,,,
Unresectable Melanoma,,,,,,,1.0,,,,,,
NonSegmental Vitiligo,,,,,,,1.0,,,,,,
Metastatic Melanoma,,,,,,,1.0,,1.0,,,,
Thrombocythemia,,,,,,,1.0,,,,,,
Locally Advanced Renal Cell Carcinoma,,,,,,,1.0,,,,,,
Metastatic Clear-Cell Renal Cell Carcinoma,,,,,,,1.0,,,,,,
Locally Advanced Solid Tumors,,,,,,,1.0,,,,,,
Metastatic Solid Tumors,,,,,,,1.0,,,,,,
Biliary Tract Cancer (BTC),,,,,,,1.0,,,,,,
Endometrial Cancer,,,,,,,1.0,,,,,,
Gastroesophageal Cancer (GC),,,,,,,1.0,,,,,,
UC (Urothelial Cancer),,,,,,,1.0,,,,,,
Polycythemia Vera,,,,,,,1.0,,,,,,
Solid Tumors and Hematologic Malignancy,,,,,,,1.0,,,,,,
Bronchiolitis Obliterans Syndrome,,,,,,,1.0,,,,,,
Metastatic Merkel Cell Carcinoma,,,,,,,1.0,,,,,,
Autoimmune Hemolytic Anemia,,,,,,,1.0,,,,,,
Unresectable or Metastatic Solid Tumors,,,,,,,1.0,,,,,,
Chronic Graft-versus-host Disease,,,,,,,1.0,,,,,,
Graft-versus-host Disease (GVHD),,,,,,,1.0,,,,,,
Myelofibrosis,,,,,,,1.0,,,,,,
Hidradenitis Suppurativa,,,,,,,1.0,,1.0,,,,
Acne Inversa,,,,,,,1.0,,,,,,
Metastatic Cancer,,,,,,,1.0,,1.0,,,,
Bladder Cancer,,,,,,,1.0,,,,,,
Vitiligo,,,,,,,1.0,,,,,,
Schizophrenia,,,,,,,,81.0,,,,,
Visual Acuity,,,,,,,,77.0,,,,,
Healthy,,,,,,,,68.0,5.0,1.0,1.0,3.0,
Anemia,,,,,,,,55.0,,,,,
Myopia,,,,,,,,42.0,,,,,
Pain,,,,,,,,27.0,,,,,
Epilepsy,,,,,,,,22.0,,,,,
"Diabetes Mellitus, Type 2",,,,,,,,20.0,1.0,,,,
Seizures,,,,,,,,17.0,,,,,
Bipolar Disorder,,,,,,,,17.0,,,,,
Neoplasms,,,,,,,,15.0,,3.0,2.0,,
Refractive Error,,,,,,,,15.0,,,,,
Cataract,,,,,,,,14.0,,,,,
Astigmatism,,,,,,,,14.0,,,,,
Migraine,,,,,,,,11.0,,,,,
Female Contraception,,,,,,,,11.0,,,,,
Contraception,,,,,,,,11.0,,,,,
Alzheimer Disease,,,,,,,,10.0,4.0,,,,
"Epilepsies, Partial",,,,,,,,10.0,,,,,
Schizoaffective Disorder,,,,,,,,9.0,,,,,
Dementia,,,,,,,,9.0,1.0,,,,
Osteoarthritis,,,,,,,,9.0,1.0,,,,
Pharmacokinetics,,,,,,,,9.0,,,,,
Gingivitis,,,,,,,,8.0,,,,,
Presbyopia,,,,,,,,8.0,,,,,
Healthy Volunteers,,,,,,,,7.0,,,,,
"Osteoarthritis, Knee",,,,,,,,7.0,,,,,
Pneumonia,,,,,,,,7.0,,,,,
Alcoholism,,,,,,,,7.0,,,,,
Psychotic Disorders,,,,,,,,7.0,,,,,
Orthopedic Procedures,,,,,,,,6.0,,,,,
Arthralgia,,,,,,,,6.0,,,,,
Acne Vulgaris,,,,,,,,6.0,,,,,
Urinary Tract Infections,,,,,,,,6.0,,,,,
Low Back Pain,,,,,,,,6.0,,,,,
Cataracts,,,,,,,,5.0,,,,,
Diabetes Mellitus,,,,,,,,5.0,,,,,
Attention Deficit Hyperactivity Disorder,,,,,,,,5.0,,,,,
"Diabetes Mellitus, Adult-Onset",,,,,,,,5.0,,,,,
Asthma,,,,,,,,5.0,,,,,
Blood Transfusion,,,,,,,,5.0,,,,,
Growth,,,,,,,,5.0,,,,,
Plaque,,,,,,,,5.0,,,,,
Headache,,,,,,,,5.0,,,,,
Corneal Astigmatism,,,,,,,,5.0,,,,,
Ametropia,,,,,,,,4.0,,,,,
Visual Performance,,,,,,,,4.0,,,,,
Allergic Rhinitis,,,,,,,,4.0,,,,,
Pyelonephritis,,,,,,,,4.0,,,,,
Drug Interactions,,,,,,,,4.0,,,,,
Acquired Immunodeficiency Syndrome,,,,,,,,4.0,,,,,
Diabetes,,,,,,,,4.0,,,,,
Diabetic Neuropathies,,,,,,,,4.0,,,,,
Erectile Dysfunction,,,,,,,,4.0,,,,,
Dentin Sensitivity,,,,,,,,4.0,,,,,
Bipolar Disorders,,,,,,,,4.0,,,,,
Mood Disorders,,,,,,,,4.0,,,,,
Mental Disorders,,,,,,,,3.0,,,,,
Appendicitis,,,,,,,,3.0,,,,,
Common Migraine,,,,,,,,3.0,,,,,
Classic Migraine,,,,,,,,3.0,,,,,
Urologic Diseases,,,,,,,,3.0,,,,,
GERD,,,,,,,,3.0,,,,,
Diabetic Foot,,,,,,,,3.0,,,,,
Vision Correction,,,,,,,,3.0,,,,,
"Osteoarthritis, Hip",,,,,,,,3.0,,,,,
Nutritional and Metabolic Diseases,,,,,,,,3.0,,,,,
"Epilepsy, Generalized",,,,,,,,3.0,,,,,
Sinusitis,,,,,,,,3.0,,,,,
Myelodysplastic Syndromes,,,,,,,,3.0,,,,,
Pancreatitis,,,,,,,,3.0,,,,,
Healthy Volunteer,,,,,,,,3.0,,,,,
Gastroparesis,,,,,,,,3.0,,,,,
"Dermatitis, Atopic",,,,,,,,3.0,2.0,,1.0,1.0,
Wound Healing,,,,,,,,3.0,,,,,
Chemotherapy,,,,,,,,3.0,,,,,
Breast Neoplasms,,,,,,,,3.0,3.0,,4.0,,
Major Depressive Disorder,,,,,,,,3.0,,,,,
Chronic Pain,,,,,,,,3.0,,,,,
Ovarian Neoplasms,,,,,,,,3.0,,,,,
Gastroesophageal Reflux,,,,,,,,3.0,,,,,
Allergy,,,,,,,,3.0,,,,,
Quality of Life,,,,,,,,3.0,,,,,
Growth of Term Infants,,,,,,,,3.0,,,,,
Orthopedic Surgery,,,,,,,,2.0,,,,,
Pure Red-cell Aplasia,,,,,,,,2.0,,,,,
"Red-Cell Aplasia, Pure",,,,,,,,2.0,,,,,
Cow's Milk Allergy,,,,,,,,2.0,,,,,
Attention Deficit Disorder With Hyperactivity,,,,,,,,2.0,,,,,
Myelodysplastic Syndrome,,,,,,,,2.0,,,1.0,,
Androgenetic Alopecia,,,,,,,,2.0,,,,,
Neoplasms by Site,,,,,,,,2.0,,,,,
Bacteriuria,,,,,,,,2.0,,,,,
Nasal Congestion,,,,,,,,2.0,,,,,
Acute Myeloid Leukemia,,,,,,,,2.0,,,2.0,,
Rhinitis,,,,,,,,2.0,,,,,
Type 2 Diabetes,,,,,,,,2.0,3.0,,,,
Coitus,,,,,,,,2.0,,,,,
Attention Deficit Disorders With Hyperactivity,,,,,,,,2.0,,,,,
Bronchitis,,,,,,,,2.0,,,,,
"Bronchitis, Chronic",,,,,,,,2.0,,,,,
Manic Episode,,,,,,,,2.0,,,,,
Acute Respiratory Infection,,,,,,,,2.0,,,,,
"Blood Transfusion, Autologous",,,,,,,,2.0,,,,,
Manic Disorder,,,,,,,,2.0,,,,,
Medulloblastoma,,,,,,,,2.0,,,,,
"Pneumonia, Ventilator-Associated",,,,,,,,2.0,,,,,
"Skin Diseases, Infectious",,,,,,,,2.0,,,,,
Steatorrhea,,,,,,,,2.0,,,,,
Acute Coronary Syndrome,,,,,,,,2.0,,,,,
Prostatitis,,,,,,,,2.0,,,,,
Schizoaffective Disorders,,,,,,,,2.0,,,,,
Ependymoma,,,,,,,,2.0,,,,,
Glioblastoma,,,,,,,,2.0,1.0,1.0,,,
Constipation,,,,,,,,2.0,,,,,
Renal Diseases,,,,,,,,2.0,,,,,
Diarrheal Disease,,,,,,,,2.0,,,,,
Therapeutic Equivalency,,,,,,,,2.0,,,,,
"Leukemia, Lymphocytic, Chronic, B-Cell",,,,,,,,2.0,,,,,
Neoplasm,,,,,,,,2.0,,,,,
Sarcoma,,,,,,,,2.0,,,,,
"Lymphoma, Mantle-Cell",,,,,,,,2.0,,,,,
Maxillary Sinusitis,,,,,,,,2.0,,,,,
Diabetic Neuropathy,,,,,,,,2.0,,,,,
Vascular Headaches,,,,,,,,2.0,,,,,
Congestive Heart Failure,,,,,,,,2.0,,,,,
Impression Cytology,,,,,,,,2.0,,,,,
Aged,,,,,,,,2.0,,,,,
Sprains and Strains,,,,,,,,2.0,,,,,
Shoulder Dislocation,,,,,,,,2.0,,,,,
Contact Lens Wear,,,,,,,,2.0,,,,,
Hyperopia,,,,,,,,2.0,,,,,
Refractive Errors,,,,,,,,2.0,,,,,
Refractive Ametropia,,,,,,,,2.0,,,,,
Bacterial Infections and Mycoses,,,,,,,,2.0,,,,,
Meibomian Gland Dysfunction,,,,,,,,2.0,,,,,
Cholecystitis,,,,,,,,2.0,,,,,
Peritonitis,,,,,,,,2.0,,,,,
Hemoglobins,,,,,,,,2.0,,,,,
Sexual Dysfunction,,,,,,,,2.0,,,,,
Common Cold,,,,,,,,2.0,,,,,
Psychotic Disorder,,,,,,,,2.0,,,,,
Corneal Swelling,,,,,,,,2.0,,,,,
Joint Pain,,,,,,,,2.0,,,,,
Foot Ulcer,,,,,,,,2.0,,,,,
Vision Disorders,,,,,,,,2.0,,,,,
Cocaine-Related Disorders,,,,,,,,2.0,,,,,
Alcohol Dependence,,,,,,,,2.0,,,,,
Visual Disorder,,,,,,,,2.0,,,,,
Bacterial Infections,,,,,,,,2.0,,,,,
Exocrine Pancreatic Insufficiency,,,,,,,,2.0,,,,,
Autistic Disorder,,,,,,,,2.0,,,,,
"Cognitive Ability, General",,,,,,,,2.0,,,,,
Overweight,,,,,,,,2.0,6.0,,,,
Chronic Kidney Disease,,,,,,,,2.0,,,,,
Pain Assessment,,,,,,,,2.0,,,,,
Metabolic Diseases,,,,,,,,2.0,,,,,
Blood Glucose Measurement,,,,,,,,2.0,,,,,
Bunion,,,,,,,,2.0,,,,,
Lung Neoplasms,,,,,,,,2.0,,,,,
Otitis Media,,,,,,,,2.0,,,,,
Hallux Valgus,,,,,,,,2.0,,,,,
"Affective Disorders, Psychotic",,,,,,,,2.0,,,,,
Nutrition Disorders,,,,,,,,2.0,,,,,
Herpes Labialis,,,,,,,,2.0,,,,,
Eczema,,,,,,,,2.0,1.0,,,,
Post-operative Dental Pain,,,,,,,,2.0,,,,,
Advanced Malignancies,,,,,,,,1.0,,,1.0,,
"Diabetes Mellitus, Non Insulin Dependent",,,,,,,,1.0,,,,,
"Pancreatitis, Chronic",,,,,,,,1.0,,,,,
Gastro-Intestinal Disorder,,,,,,,,1.0,,,,,
Antineoplastic Protocols,,,,,,,,1.0,,,,,
Protein Kinase Inhibitors,,,,,,,,1.0,,,,,
Malabsorption Syndromes,,,,,,,,1.0,,,,,
Abdominal Abscess,,,,,,,,1.0,,,,,
Endocrine System Diseases,,,,,,,,1.0,,,,,
Solid Malignancies,,,,,,,,1.0,,,,,
Autism,,,,,,,,1.0,,,,,
"Pneumonia, Bacterial",,,,,,,,1.0,,,,,
"Clinical Trial, Phase 1",,,,,,,,1.0,,,,,
Maximum Tolerated Dose,,,,,,,,1.0,,,,,
"Diabetes Mellitus, Type II",,,,,,,,1.0,,,,,
Joint Diseases,,,,,,,,1.0,,,,,
Gastrointestinal Disease,,,,,,,,1.0,,,,,
Gastrointestinal Injury,,,,,,,,1.0,,,,,
Pancreatic Disease,,,,,,,,1.0,,,,,
Bile Duct Diseases,,,,,,,,1.0,,,,,
Mononeuropathies,,,,,,,,1.0,,,,,
Neuralgia,,,,,,,,1.0,,,,,
"Neuralgia, Postherpetic",,,,,,,,1.0,,,,,
"Low Back Pain, Recurrent",,,,,,,,1.0,,,,,
Conduct and Other Disruptive Behavior Disorders,,,,,,,,1.0,,,,,
Cystitis,,,,,,,,1.0,,,,,
Achalasia,,,,,,,,1.0,,,,,
Urinary Bladder Diseases,,,,,,,,1.0,,,,,
Gastric Outlet Obstruction,,,,,,,,1.0,,,,,
"Cystitis, Interstitial",,,,,,,,1.0,,,,,
Diabetic Polyneuropathy,,,,,,,,1.0,,,,,
Reflux,,,,,,,,1.0,,,,,
"Diabetic Neuropathy, Painful",,,,,,,,1.0,,,,,
Fistula,,,,,,,,1.0,,,,,
Confusion,,,,,,,,1.0,,,,,
Myocardial Infarction,,,,,,,,1.0,,,,,
Myocardial Ischemia,,,,,,,,1.0,,,,,
Advanced or Refractory Leukemia,,,,,,,,1.0,,,,,
Unstable Angina,,,,,,,,1.0,,,,,
Gastrointestinal Cancer,,,,,,,,1.0,,,,,
Gastrointestinal Dysfunction,,,,,,,,1.0,,,,,
Gastrointestinal Fistula,,,,,,,,1.0,,,,,
Peritoneal Neoplasms,,,,,,,,1.0,,1.0,,,
Fallopian Tube Neoplasms,,,,,,,,1.0,,,,,
"Contraceptives, Oral",,,,,,,,1.0,,,,,
Platelet-Derived Growth Factor,,,,,,,,1.0,,,,,
Gastrointestinal Infection,,,,,,,,1.0,,,,,
Knee Pain,,,,,,,,1.0,,,,,
Osteoarthitis,,,,,,,,1.0,,,,,
Human Volunteers,,,,,,,,1.0,,,,,
Arthritis,,,,,,,,1.0,,,,,
Frontotemporal Dementia,,,,,,,,1.0,,,,,
Hepatic Impairment,,,,,,,,1.0,,,,,
Renal Impairment,,,,,,,,1.0,,,,,
Schizophreniform Disorders,,,,,,,,1.0,,,,,
Postoperative Pain,,,,,,,,1.0,,,,,
Fertility Control,,,,,,,,1.0,,,,,
Ejaculation,,,,,,,,1.0,,,,,
Interventional Endoscopic Ultrasound,,,,,,,,1.0,,,,,
Leiomyosarcoma,,,,,,,,1.0,,,,,
Nervous System Diseases,,,,,,,,1.0,,,,,
Cognition Disorder,,,,,,,,1.0,,,,,
Uterine Neoplasms,,,,,,,,1.0,,,,,
HIV,,,,,,,,1.0,,,,,
Cellulitis,,,,,,,,1.0,,,,,
Neurogenic Bladder,,,,,,,,1.0,,,,,
"Genital Neoplasms, Female Urogenital Neoplasms",,,,,,,,1.0,,,,,
"Kidney Failure, Chronic",,,,,,,,1.0,,,,,
Vascular Dementia,,,,,,,,1.0,,,,,
"Seizures, Tonic-Clonic",,,,,,,,1.0,,,,,
Mammaplasty,,,,,,,,1.0,,,,,
Cardiovascular Surgical Procedures,,,,,,,,1.0,,,,,
"Leukemia, Lymphocytic",,,,,,,,1.0,,,,,
Breast Diseases,,,,,,,,1.0,,,,,
Skin Diseases,,,,,,,,1.0,1.0,,,,
Hepatic Insufficiency,,,,,,,,1.0,,,,,
Endocrine Gland Neoplasms,,,,,,,,1.0,,,,,
"Leukemia, Lymphocytic, Chronic",,,,,,,,1.0,,,,,
Cardiovascular Surgical Procedure,,,,,,,,1.0,,,,,
Endometrial Neoplasms,,,,,,,,1.0,,2.0,,,
Brain Diseases,,,,,,,,1.0,1.0,,,,
Adnexal Diseases,,,,,,,,1.0,,,,,
Hypertension,,,,,,,,1.0,,,,,
Kidney Diseases,,,,,,,,1.0,,,,,
Critical Illness,,,,,,,,1.0,,,,,
Binge-Eating Disorder,,,,,,,,1.0,,,,,
Chronic Renal Failure,,,,,,,,1.0,,,,,
Partial Seizure Disorder,,,,,,,,1.0,,,,,
"Ventilators, Mechanical",,,,,,,,1.0,,,,,
Venous Thrombosis,,,,,,,,1.0,,,,,
Insomnia,,,,,,,,1.0,,,,,
"Epilepsy, Tonic-Clonic",,,,,,,,1.0,,,,,
Hypertriglyceridemia,,,,,,,,1.0,,,,,
Soft Tissue Sarcoma,,,,,,,,1.0,2.0,,,,
"Neoplasms, Connective and Soft Tissue",,,,,,,,1.0,,,,,
Hyperlipidemia,,,,,,,,1.0,,,,,
Polyneuropathies,,,,,,,,1.0,,,,,
"Surgery, Arthroscopy",,,,,,,,1.0,,,,,
"Pain, Postoperative",,,,,,,,1.0,,,,,
"Surgery, Oral",,,,,,,,1.0,,,,,
Neoplasms by Histologic Type,,,,,,,,1.0,,,,,
Liposarcoma,,,,,,,,1.0,,,,,
Ovarian Diseases,,,,,,,,1.0,,,,,
"Blood Transfusions, Autologous",,,,,,,,1.0,,,,,
Pick Complex,,,,,,,,1.0,,,,,
"Affective Psychosis, Bipolar",,,,,,,,1.0,,,,,
Back Pain,,,,,,,,1.0,,,,,
"Renal Failure , Chronic",,,,,,,,1.0,,,,,
Pruritus,,,,,,,,1.0,,,,,
Therapeutic Endoscopic Ultrasound,,,,,,,,1.0,,,,,
Advanced Endoscopy,,,,,,,,1.0,,,,,
Therapeutic Endoscopy,,,,,,,,1.0,,,,,
Myeloma Proteins,,,,,,,,1.0,,,,,
M-Protein,,,,,,,,1.0,,,,,
Myeloma,,,,,,,,1.0,,,,,
Lower Back Pain,,,,,,,,1.0,,,,,
Tapentadol,,,,,,,,1.0,,,,,
Sciatica,,,,,,,,1.0,,,,,
Pain Intensity Assessment,,,,,,,,1.0,,,,,
Chronic Kidney Failure,,,,,,,,1.0,,,,,
Pure Red-Cell Aplasia,,,,,,,,1.0,,,,,
Embolism,,,,,,,,1.0,,,1.0,,
Interventional Endoscopy,,,,,,,,1.0,,,,,
Ichthyosis,,,,,,,,1.0,,,,,
Skin Cream,,,,,,,,1.0,,,,,
Esophagus Cancer,,,,,,,,1.0,,,,,
Epoetin Alfa,,,,,,,,1.0,,,,,
"Genital Diseases, Female",,,,,,,,1.0,,,,,
Depressive Disorder,,,,,,,,1.0,,,,,
"Depressive Disorder, Major",,,,,,,,1.0,,,,,
Chronic Bronchitis,,,,,,,,1.0,,,,,
"Carcinoma, Small Cell Lung",,,,,,,,1.0,,,,,
Stomach Neoplasms,,,,,,,,1.0,,1.0,,,
Rectal Neoplasms,,,,,,,,1.0,,,,,
Skin Ulcer,,,,,,,,1.0,,,,,
Cytopenias,,,,,,,,1.0,,,,,
Hypersensitivity,,,,,,,,1.0,,,,,
Head Pain,,,,,,,,1.0,,,,,
Nervous System Malformations,,,,,,,,1.0,,,,,
"Congenital, Hereditary, and Neonatal Diseases and Abnormalities",,,,,,,,1.0,,,,,
Rosacea,,,,,,,,1.0,,,,,
Sensitive Skin,,,,,,,,1.0,,,,,
Neural Tube Defects,,,,,,,,1.0,,,,,
Skin,,,,,,,,1.0,,,,,
Diabetes Mellitus Type 2,,,,,,,,1.0,,,,,
Skin Care,,,,,,,,1.0,,,,,
Perceptual Disorders,,,,,,,,1.0,,,,,
Learning,,,,,,,,1.0,,,,,
"Genital Diseases, Male",,,,,,,,1.0,,,,,
Contact Lens Solutions,,,,,,,,1.0,,,,,
Functional Dyspepsia,,,,,,,,1.0,,,,,
Sun Protection,,,,,,,,1.0,,,,,
Baby Skin Development,,,,,,,,1.0,,,,,
Erythema,,,,,,,,1.0,,,,,
Stress,,,,,,,,1.0,,,,,
Distal Radius Fracture,,,,,,,,1.0,,,,,
Crohn Disease,,,,,,,,1.0,,,,,
"AVRT, AVNRT",,,,,,,,1.0,,,,,
Peripheral Vascular Diseases,,,,,,,,1.0,,,,,
Lapsed Contact Lens Wear,,,,,,,,1.0,,,,,
Tooth Stain,,,,,,,,1.0,,,,,
Visual Correction,,,,,,,,1.0,,,,,
Presbyopia Correction,,,,,,,,1.0,,,,,
Lid-Parallel Conjunctival Folds,,,,,,,,1.0,,,,,
Cosmetic Effect,,,,,,,,1.0,,,,,
Eye Dryness,,,,,,,,1.0,,,,,
Contact Lens Base Curve (BC) Fit and Comfort,,,,,,,,1.0,,,,,
Myopia; Astigmatism,,,,,,,,1.0,,,,,
Visual Disorders,,,,,,,,1.0,,,,,
Tear Film Characteristics,,,,,,,,1.0,,,,,
"Visual Acuity, Slit Lamp Biomicroscopy (Corneal Staining Assessment)",,,,,,,,1.0,,,,,
Sting,,,,,,,,1.0,,,,,
Dental Plaque,,,,,,,,1.0,,,,,
Seasonal Allergic Rhinitis,,,,,,,,1.0,,,,,
Osteoarthritis of the Knee,,,,,,,,1.0,,,,,
Tinea Pedis,,,,,,,,1.0,,,,,
Heart Failure,,,,,,,,1.0,,,,,
21-hydroxylase Deficiency,,,,,,,,1.0,,,,,
Substance Abuse Detection,,,,,,,,1.0,,,,,
Traumatic Brain Injury,,,,,,,,1.0,,,,,
Healthy Participants,,,,,,,,1.0,,,2.0,,
Diaper Rash,,,,,,,,1.0,,,,,
Enuresis,,,,,,,,1.0,,,,,
Analgesics,,,,,,,,1.0,,,,,
Diarrhea,,,,,,,,1.0,,,,,
Dry Eye Syndromes,,,,,,,,1.0,,,,,
Drug Interaction,,,,,,,,1.0,,,,,
Lice Infestations,,,,,,,,1.0,,,,,
Non Therapeutic Body Modification,,,,,,,,1.0,,,,,
Vaginal Microflora,,,,,,,,1.0,,,,,
Heartburn,,,,,,,,1.0,,,,,
Dental Health,,,,,,,,1.0,,,,,
Blister,,,,,,,,1.0,,,,,
Oral Manifestations,,,,,,,,1.0,,,,,
"Dental Devices, Home Care",,,,,,,,1.0,,,,,
Tobacco Dependence,,,,,,,,1.0,,,,,
Refractive Error Correction,,,,,,,,1.0,,,,,
Dry Eye,,,,,,,,1.0,,,,,
Vision Satisfaction in Bright Light,,,,,,,,1.0,,,,,
Declarative Memory,,,,,,,,1.0,,,,,
Levels of DHA in the Blood,,,,,,,,1.0,,,,,
Gastrointestinal Problems,,,,,,,,1.0,,,,,
Mineral Absorption in the Urine,,,,,,,,1.0,,,,,
Allergy and Asthma,,,,,,,,1.0,,,,,
Glycemic Response,,,,,,,,1.0,,,,,
Measurement of Docosahexaenoic Acid Levels in Pre-school Children,,,,,,,,1.0,,,,,
Common Infant Feeding Problems,,,,,,,,1.0,,,,,
Feeding Intolerance,,,,,,,,1.0,,,,,
Behavioral Measures of Tolerance,,,,,,,,1.0,,,,,
Tolerance,,,,,,,,1.0,,,,,
Fecal Microbiota,,,,,,,,1.0,,,,,
Photosensitivity,,,,,,,,1.0,,,,,
Infant Nutrition,,,,,,,,1.0,,,,,
Child Nutrition Sciences,,,,,,,,1.0,,,,,
Metabolomics,,,,,,,,1.0,,,,,
Prematurity,,,,,,,,1.0,,,,,
Stool,,,,,,,,1.0,,,,,
Gastrointestinal Microbiome,,,,,,,,1.0,,,,,
Immune Health,,,,,,,,1.0,,,,,
Nutritive Effects on Brain Myelination,,,,,,,,1.0,,,,,
Fussy Infant (Baby),,,,,,,,1.0,,,,,
Gastroenteritis Acute,,,,,,,,1.0,,,,,
Body Weight,,,,,,,,1.0,,,,,
Stool Output,,,,,,,,1.0,,,,,
Levels of Fatty Acids in the Blood Cells of Infants,,,,,,,,1.0,,,,,
Immunity,,,,,,,,1.0,,,,,
Ocular Physiology,,,,,,,,1.0,,,,,
Hepatitis C,,,,,,,,1.0,,,,,
Irregular Antibody Screening,,,,,,,,1.0,,,,,
Wound Closure,,,,,,,,1.0,,,,,
Chronic Obstructive Pulmonary Disease,,,,,,,,1.0,,,,,
Health Behavior,,,,,,,,1.0,,,,,
Coronary Arteriosclerosis,,,,,,,,1.0,,,,,
Chronic Rhinosinusitis,,,,,,,,1.0,,,,,
Cancer Pain,,,,,,,,1.0,,,,,
"Sexual Dysfunction, Physiological",,,,,,,,1.0,,,,,
"Depressive Disorder, Treatment-Resistant",,,,,,,,1.0,,,,,
Adult Skin Healthy Signs,,,,,,,,1.0,,,,,
Human Immunodeficiency Virus Infections,,,,,,,,1.0,,,,,
High Risk Localized Prostate Cancer,,,,,,,,1.0,,,,,
Community Health Worker Performance,,,,,,,,1.0,,,,,
Community Health Workers,,,,,,,,1.0,,,,,
Term Infants,,,,,,,,1.0,,,,,
Healthy Term Infants Solely Formula Fed,,,,,,,,1.0,,,,,
Premature Infants,,,,,,,,1.0,,,,,
Healthy Term Infants,,,,,,,,1.0,,,,,
Histamine Induced Itch,,,,,,,,1.0,,,,,
Health,,,,,,,,1.0,,,,,
Urogenital Neoplasms,,,,,,,,1.0,,,,,
Coronary Artery Disease,,,,,,,,1.0,,,,,
Corneal Infiltrative Events,,,,,,,,1.0,,,,,
Corneal Inflammation,,,,,,,,1.0,,,,,
Overall Vision,,,,,,,,1.0,,,,,
Comfort,,,,,,,,1.0,,,,,
Attenuation of Bright Light,,,,,,,,1.0,,,,,
Correction of Refraction Error,,,,,,,,1.0,,,,,
Meibomian Gland,,,,,,,,1.0,,,,,
Benign Breast Disease,,,,,,,,1.0,,,,,
Mobility Difficulty,,,,,,,,1.0,,,,,
Anxiety,,,,,,,,1.0,,,,,
Meibomian Gland Dysfunction (MGD),,,,,,,,1.0,,,,,
Diffuse Intrinsic Pontine Glioma,,,,,,,,1.0,,,,,
Primitive Neuroectodermal Tumor (PNET),,,,,,,,1.0,,,,,
Alcohol Abuse,,,,,,,,1.0,,,,,
Fibromyalgia,,,,,,,,1.0,,,,,
Tobacco Smoking Behavior,,,,,,,,1.0,,,,,
Stereotyped Behavior,,,,,,,,1.0,,,,,
Cognitive Development,,,,,,,,1.0,,,,,
Concentration,,,,,,,,1.0,,,,,
"Signs and Symptoms, Digestive",,,,,,,,1.0,,,,,
Respiratory Symptoms,,,,,,,,1.0,,,,,
Glaucoma,,,,,,,,1.0,,,,,
Diabetic Peripheral Neuropathy,,,,,,,,1.0,,,,,
Bioequivalence,,,,,,,,1.0,,,,,
"Genital Neoplasms, Male",,,,,,,,1.0,,,,,
Prostate Neoplasms,,,,,,,,1.0,,,,,
"Infant, Newborn",,,,,,,,1.0,,,,,
"Infant, Premature",,,,,,,,1.0,,,,,
Renal Insufficiency,,,,,,,,1.0,,,,,
"Rhinitis, Allergic, Seasonal",,,,,,,,1.0,,,,,
SAR,,,,,,,,1.0,,,,,
Hay Fever,,,,,,,,1.0,,,,,
Bleeding,,,,,,,,1.0,,,,,
Gum Inflammation,,,,,,,,1.0,,,,,
Finger Injuries,,,,,,,,1.0,,,,,
Post-traumatic; Arthrosis,,,,,,,,1.0,,,,,
Hand Injuries,,,,,,,,1.0,,,,,
"Pulmonary Disease, Chronic Obstructive",,,,,,,,1.0,,,,,
Spinal Tumor,,,,,,,,1.0,,,,,
Spinal Stenosis,,,,,,,,1.0,,,,,
Spinal Deformity,,,,,,,,1.0,,,,,
Spinal Fracture,,,,,,,,1.0,,,,,
Spondylolisthesis,,,,,,,,1.0,,,,,
Disc Degenerative Disease,,,,,,,,1.0,,,,,
Avascular Necrosis,,,,,,,,1.0,,,,,
Congenital Hip Dysplasia,,,,,,,,1.0,,,,,
Intolerance to Breast Milk,,,,,,,,1.0,,,,,
Intolerance to Extensively Hydrolyzed Formulas,,,,,,,,1.0,,,,,
Cocaine Dependence,,,,,,,,1.0,,,,,
"Skin Diseases, Bacterial",,,,,,,,1.0,,,,,
Pancreatic Neoplasms,,,,,,,,1.0,,,,,
"Dementia, Vascular",,,,,,,,1.0,,,,,
Anxiety Disorders,,,,,,,,1.0,,,,,
Interstitial Cystitis,,,,,,,,1.0,,,,,
"Epilepsy, Absence",,,,,,,,1.0,,,,,
Musculoskeletal Diseases,,,,,,,,1.0,,,,,
Attention Deficit and Disruptive Behavior Disorders,,,,,,,,1.0,,,,,
Disruptive Behavior Disorder,,,,,,,,1.0,,,,,
Essential Tremor,,,,,,,,1.0,,,,,
Nosocomial Pneumonia,,,,,,,,1.0,,,,,
"Peripheral Neuropathy, Chemotherapy-induced",,,,,,,,1.0,,,,,
Dental Caries,,,,,,,,1.0,,,,,
Mild Cognitive Impairment,,,,,,,,1.0,2.0,,,,
"Hemostasis, Surgical",,,,,,,,1.0,,,,,
"Leukemia, Nonlymphocytic, Acute",,,,,,,,1.0,,,,,
Arthroplasty,,,,,,,,1.0,,,,,
Photosensitive Epilepsy,,,,,,,,1.0,,,,,
"Liposarcoma,Myxoid",,,,,,,,1.0,,,,,
Ventilator-Associated Pneumonia,,,,,,,,1.0,,,,,
Gastroesophageal Reflux Disease (GERD),,,,,,,,1.0,,,,,
"Arrhythmias, Cardiac",,,,,,,,1.0,,,,,
Dental Pain,,,,,,,,1.0,,,,,
Inadequate Lubrication,,,,,,,,1.0,,,,,
Lubricating Agents,,,,,,,,1.0,,,,,
Alopecia,,,,,,,,1.0,,,,,
Pregnancy,,,,,,,,1.0,,,,,
Periapical Disease,,,,,,,,1.0,,,,,
Periodontal Disease,,,,,,,,1.0,,,,,
Oral Pharyngeal Cancer,,,,,,,,1.0,,,,,
Dysphagia,,,,,,,,1.0,,,,,
Cognitive Function,,,,,,,,1.0,,,,,
Xerostomia Following Radiotherapy,,,,,,,,1.0,,,,,
Xerostomia,,,,,,,,1.0,,,,,
Atopic Dermatitis (AD),,,,,,,,1.0,,,,,
Newborns,,,,,,,,1.0,,,,,
Ophthalmic Solutions,,,,,,,,1.0,,,,,
Skin Aging,,,,,,,,1.0,,,,,
Comedogenicity,,,,,,,,1.0,,,,,
Microbiome,,,,,,,,1.0,,,,,
Gingivits in Diabetics,,,,,,,,1.0,,,,,
Skin Regeneration After Dermatological Facial Procedure With Fractional CO2 Laser,,,,,,,,1.0,,,,,
Allergic Sensitization,,,,,,,,1.0,,,,,
Microbiota,,,,,,,,1.0,,,,,
PTSD,,,,,,,,1.0,,,,,
Post Operative Dental Pain,,,,,,,,1.0,,,,,
Benign Neoplasm,,,,,,,,1.0,,,,,
Biliary Tract Cancer,,,,,,,,,2.0,,,,
Non-small Cell Lung Cancer,,,,,,,,,2.0,9.0,2.0,1.0,
Alopecia Areata,,,,,,,,,2.0,,2.0,,
"Skin Diseases, Genetic",,,,,,,,,1.0,,,,
Central Nervous System Diseases,,,,,,,,,1.0,,,,
Cognitive Impairment,,,,,,,,,1.0,,,,
Hormone Receptor Positive Breast Cancer,,,,,,,,,1.0,,,,
HER-2 Positive Breast Cancer,,,,,,,,,1.0,,,,
Microsatellite Instability-High (MSI-H) Solid Tumors,,,,,,,,,1.0,,,,
Cutaneous Melanoma,,,,,,,,,1.0,,,,
Non-small Cell Lung Carcinoma,,,,,,,,,1.0,,,,
Breast Cancer (HR+HER2-),,,,,,,,,1.0,,,,
Aicardi Goutieres Syndrome,,,,,,,,,1.0,,,,
Colorectal Carcinoma,,,,,,,,,1.0,1.0,,,
Pancreatic Carcinoma,,,,,,,,,1.0,,,,
Dermatitis,,,,,,,,,1.0,,,,
Gastric Adenocarcinoma,,,,,,,,,1.0,1.0,,,
STING-Associated Vasculopathy With Onset in Infancy,,,,,,,,,1.0,,,,
Chronic Atypical Neutrophilic Dermatosis With Lipodystrophy and Elevated Temperature Syndrome,,,,,,,,,1.0,,,,
Dyslipidemias,,,,,,,,,1.0,,,,
Cognition Disorders,,,,,,,,,1.0,,,,
Glioma,,,,,,,,,1.0,,,,
Metastatic Castration-Resistant Prostate Cancer,,,,,,,,,1.0,,,,
Advanced Solid Tumor,,,,,,,,,1.0,,,,
Mantle Cell Lymphoma,,,,,,,,,1.0,1.0,,,
"Neoplasms, Hematologic",,,,,,,,,1.0,,,,
Neuroblastoma,,,,,,,,,1.0,,,,
Urothelial Carcinoma,,,,,,,,,1.0,1.0,,,
"Carcinoma, Non-Small-Cell Lung",,,,,,,,,1.0,1.0,2.0,,
Metastatic Non-Small Cell Lung Cancer,,,,,,,,,1.0,1.0,,,
Osteo Arthritis Knee,,,,,,,,,1.0,,,,
Overweight and Obesity,,,,,,,,,1.0,,,,
Type 2 Diabetes Mellitus,,,,,,,,,1.0,,1.0,1.0,
Metabolism and Nutrition Disorder,,,,,,,,,1.0,,,,
Adenocarcinoma of the Gastroesophageal Junction,,,,,,,,,1.0,,,,
"Carcinoma, Transitional Cell",,,,,,,,,1.0,,,,
Nakajo-Nishimura Syndrome,,,,,,,,,1.0,,,,
Prostatic Neoplasms,,,,,,,,,,3.0,,,
Malignant Melanoma,,,,,,,,,,2.0,,,
Triple Negative Breast Neoplasms,,,,,,,,,,2.0,,,
Biliary Tract Carcinoma,,,,,,,,,,2.0,,,
"Carcinoma, Hepatocellular",,,,,,,,,,2.0,,,
Relapsing Multiple Sclerosis,,,,,,,,,,2.0,,,
"Lymphoma, B-Cell",,,,,,,,,,2.0,,,
Chronic Cough,,,,,,,,,,2.0,,,
HIV Infection,,,,,,,,,,2.0,,,
Nonsquamous Non-small Cell Lung Cancer,,,,,,,,,,2.0,,,
Nonalcoholic Fatty Liver Disease,,,,,,,,,,1.0,,,
Nonalcoholic Steatohepatitis,,,,,,,,,,1.0,,,
Waldenstrom Macroglobulinemia,,,,,,,,,,1.0,,,
Cytomegalovirus Infection,,,,,,,,,,1.0,,,
Diffuse Large B Cell Lymphoma,,,,,,,,,,1.0,,,
Cytomegalovirus Disease,,,,,,,,,,1.0,,,
Respiratory Tract Infection,,,,,,,,,,1.0,,,
Respiratory Syncytial Virus,,,,,,,,,,1.0,,,
Triple Negative Breast Cancer,,,,,,,,,,1.0,,,
Richter's Transformation,,,,,,,,,,1.0,,,
Central Nervous System,,,,,,,,,,1.0,,,
Gastric Neoplasms,,,,,,,,,,1.0,,,
Fallopian Tube Cancer,,,,,,,,,,1.0,,,
Metastatic Head and Neck Cancer,,,,,,,,,,1.0,,,
Recurrent Head and Neck Cancer,,,,,,,,,,1.0,,,
Prophylaxis,,,,,,,,,,1.0,,,
Human Immunodeficiency Virus Type 1,,,,,,,,,,1.0,,,
HIV-I,,,,,,,,,,1.0,,,
Biliary Tract Cancers,,,,,,,,,,1.0,,,
Head and Neck Neoplasms,,,,,,,,,,1.0,,,
Cervical Cancer,,,,,,,,,,1.0,,,
Relapsing Multiple Sclerosis (RMS),,,,,,,,,,1.0,,,
Advanced/Metastatic Solid Tumors,,,,,,,,,,1.0,,,
Neoplasm Metastasis,,,,,,,,,,1.0,,,
Head and Neck Squamous Cell Carcinoma (HNSCC),,,,,,,,,,1.0,,,
Advanced Stage Solid Tumors,,,,,,,,,,1.0,,,
Squamous Cell Carcinoma of Head and Neck,,,,,,,,,,1.0,,,
Merkel Cell Carcinoma,,,,,,,,,,1.0,,,
Relapsed or Refractory Solid Tumors,,,,,,,,,,1.0,,,
Papillomavirus Infections,,,,,,,,,,1.0,,,
Advanced Melanoma,,,,,,,,,,1.0,,,
Triple Negative Breast Cancer (TNBC),,,,,,,,,,1.0,,,
Metastatic Colorectal Cancer,,,,,,,,,,1.0,,,
"Carcinoma, Squamous Cell, Non-small-cell Lung",,,,,,,,,,1.0,,,
HIV Preexposure Prophylaxis,,,,,,,,,,1.0,,,
Metastatic Hormone-Sensitive Prostate Cancer,,,,,,,,,,1.0,,,
"Carcinoma, Non-squamous Non-small-cell Lung",,,,,,,,,,1.0,,,
Colorectal Neoplasms,,,,,,,,,,1.0,,,
Advanced/Metastatic Melanoma,,,,,,,,,,1.0,,,
Advanced Non-Small Cell Lung Cancer,,,,,,,,,,1.0,1.0,,
Head and Neck Squamous Cell Cancer,,,,,,,,,,1.0,,,
Nasopharyngeal Neoplasms,,,,,,,,,,1.0,,,
"Urothelial Carcinoma Associated 1 RNA, Human",,,,,,,,,,1.0,,,
Esophageal Neoplasms,,,,,,,,,,1.0,,,
Gastroesophageal Junction Adenocarcinoma,,,,,,,,,,1.0,,,
Cancer of the Prostate,,,,,,,,,,,2.0,,
BRAF V600E-mutant Metastatic Colorectal Cancer,,,,,,,,,,,1.0,,
Loss of Appetite,,,,,,,,,,,1.0,,
Moderate to Severe Ulcerative Colitis,,,,,,,,,,,1.0,,
Hormone Sensitive Prostate Cancer,,,,,,,,,,,1.0,,
Meningococcal Vaccine,,,,,,,,,,,1.0,,
Chronic Myelomonocytic Leukemia,,,,,,,,,,,1.0,,
NSCLC,,,,,,,,,,,1.0,,
Fatigue,,,,,,,,,,,1.0,,
Cachexia,,,,,,,,,,,1.0,,
Anorexia,,,,,,,,,,,1.0,,
Precursor b-Cell Lymphoblastic Leukemia-Lymphoma,,,,,,,,,,,1.0,,
ACUTE LYMPHOBLASTIC LEUKEMIA,,,,,,,,,,,1.0,,
Locally Advanced or Metastatic Solid Tumors,,,,,,,,,,,1.0,,
"Genes, BRCA 1",,,,,,,,,,,1.0,,
Nonmetastatic Castration-Resistant Prostate Cancer,,,,,,,,,,,1.0,,
Low-grade Serous Ovarian Cancer,,,,,,,,,,,1.0,,
Low-grade Serous Fallopian Tube Cancer,,,,,,,,,,,1.0,,
Low-grade Serous Peritoneal Cancer,,,,,,,,,,,1.0,,
Non-small-cell Lung Cancer,,,,,,,,,,,1.0,,
Non-valvular Atrial Fibrillation,,,,,,,,,,,1.0,,
Avelumab in Combination With Talazoparib Will be Investigated in Patients With Locally Advanced (Primary or Recurrent) or Metastatic Solid Tumors,,,,,,,,,,,1.0,,
ALK or ROS1-positive NSCLC,,,,,,,,,,,1.0,,
mCRPC,,,,,,,,,,,1.0,,
ALK-positive Non Small Cell Lung Cancer (NSCLC) and ROS1-positive NSCLC,,,,,,,,,,,1.0,,
"Hereditary Transthyretin Amyloidosis (ATTRv) Cardiomyopathy (CM), Mixed Phenotype",,,,,,,,,,,1.0,,
Transthyretin Amyloid Polyneuropathy (ATTR-PN),,,,,,,,,,,1.0,,
Gram Negative Infections,,,,,,,,,,,1.0,,
Metastatic Non Small Cell Lung Cancer,,,,,,,,,,,1.0,,
Hematologic Maligmancy,,,,,,,,,,,1.0,,
EGFR Mutation-positive Inoperable or Reccrent NSCLC,,,,,,,,,,,1.0,,
Transthyretin (TTR) Amyloid Cardiomyopathy,,,,,,,,,,,1.0,,
Healthy Adults,,,,,,,,,,,1.0,,
Pancreatic Neuroendocrine Tumors,,,,,,,,,,,1.0,,
Transthyretin Familial Amyloid Poluneuropathy,,,,,,,,,,,1.0,,
"Advanced, Androgen Receptor Positive Triple Negative Breast Cancer",,,,,,,,,,,1.0,,
Melanoma and Metastatic Colorectal Cancer,,,,,,,,,,,1.0,,
BRAF or NRAS Mutant Metastatic Melanoma,,,,,,,,,,,1.0,,
Neoplasms Malignant,,,,,,,,,,,1.0,,
COVID-19,,,,,,,,,,,1.0,3.0,
Renal Cell Cancer,,,,,,,,,,,1.0,,
Solid Tumors Harboring a BRAF V600 Mutation,,,,,,,,,,,1.0,,
Homozygous Familial Hypercholesterolemia,,,,,,,,,,,,2.0,
Chronic Stable Illness,,,,,,,,,,,,2.0,
Immunocompromised,,,,,,,,,,,,1.0,
CD55-deficient Protein-losing Enteropathy,,,,,,,,,,,,1.0,
Squamous Cell Carcinoma (SCC),,,,,,,,,,,,1.0,
"Recurrent or Metastatic, Platinum-refractory Cervical Cancer",,,,,,,,,,,,1.0,
Relapsed Multiple Myeloma,,,,,,,,,,,,1.0,
CHAPLE,,,,,,,,,,,,1.0,
Diabetic Macular Edema,,,,,,,,,,,,1.0,
Refractory Multiple Myeloma,,,,,,,,,,,,1.0,
Carcinomaï¼ŒNon-Small-Cell Lung,,,,,,,,,,,,1.0,
"Lung Carcinomas, Non-Small-Cell",,,,,,,,,,,,1.0,
Non-small-cell Lung Carcinoma,,,,,,,,,,,,1.0,
Type 1 Diabetes Mellitus,,,,,,,,,,,,1.0,
SARS-CoV-2,,,,,,,,,,,,1.0,
Retinopathy of Prematurity,,,,,,,,,,,,1.0,
Generalized Lipodystrophy,,,,,,,,,,,,1.0,
Advanced Cutaneous Squamous Cell Carcinoma,,,,,,,,,,,,1.0,
"Carcinoma, Basal Cell",,,,,,,,,,,,1.0,
Cutaneous Squamous Cell Carcinoma,,,,,,,,,,,,1.0,
Eosinophilic Esophagitis,,,,,,,,,,,,1.0,
Eosinophilic Esophagitis (EoE),,,,,,,,,,,,1.0,
Nonsmall Cell Lung Cancer,,,,,,,,,,,,1.0,
